Attendance_Band,Study_Hours_Range,students,avg_score,attendance_order,study_order
60-69%,1-5 hours,18,58.5556,1,1
60-69%,6-10 hours,69,61.9710,1,2
60-69%,11-15 hours,276,61.9384,1,3
60-69%,16+ hours,1210,64.9372,1,4
70-79%,1-5 hours,9,61.3333,2,1
70-79%,6-10 hours,81,63.0741,2,2
70-79%,11-15 hours,276,64.3986,2,3
70-79%,16+ hours,1315,66.9049,2,4
80-89%,1-5 hours,15,65.4000,3,1
80-89%,6-10 hours,74,64.7703,3,2
80-89%,11-15 hours,291,66.0653,3,3
80-89%,16+ hours,1227,68.7400,3,4
90-100%,1-5 hours,17,65.1765,4,1
90-100%,6-10 hours,82,66.7683,4,2
90-100%,11-15 hours,297,68.1448,4,3
90-100%,16+ hours,1350,70.8496,4,4
